# _tick,_time,frames,mean_episode_return_0,loss_0,mean_episode_return_1,loss_1,mean_episode_return_2,loss_2,mean_episode_return_3,loss_3
0,1678563652.692411,0,0,0,0,0,0,0,-0.059964727610349655,1.321284532546997
1,1678563652.710876,3200,0,0,0,0,0.06566604226827621,1.3558282852172852,-0.059964727610349655,1.321284532546997
2,1678563652.718767,6400,0,0,-0.05860805884003639,1.3486682176589966,0.06566604226827621,1.3558282852172852,-0.059964727610349655,1.321284532546997
3,1678563652.7221792,9600,0.0555555559694767,1.3333115577697754,-0.05860805884003639,1.3486682176589966,0.06566604226827621,1.3558282852172852,-0.059964727610349655,1.321284532546997
4,1678563669.6494627,12800,0.0555555559694767,1.3333115577697754,-0.05123385414481163,1.3679264783859253,0.06566604226827621,1.3558282852172852,-0.059964727610349655,1.321284532546997
5,1678563669.975022,16000,0.0555555559694767,1.3333115577697754,-0.05123385414481163,1.3679264783859253,0.05290282890200615,1.3607304096221924,-0.059964727610349655,1.321284532546997
6,1678563670.209051,19200,0.0555555559694767,1.3333115577697754,-0.05123385414481163,1.3679264783859253,0.05290282890200615,1.3607304096221924,-0.04529767856001854,1.3686093091964722
7,1678563670.566838,22400,0.04836096614599228,1.3544437885284424,-0.05123385414481163,1.3679264783859253,0.05290282890200615,1.3607304096221924,-0.04529767856001854,1.3686093091964722
8,1678563686.9633987,25600,0.04836096614599228,1.3544437885284424,-0.05123385414481163,1.3679264783859253,0.05290282890200615,1.3607304096221924,-0.030781202018260956,1.283433198928833
9,1678563687.0936906,28800,0.04836096614599228,1.3544437885284424,-0.05123385414481163,1.3679264783859253,0.030122755095362663,1.2657874822616577,-0.030781202018260956,1.283433198928833
10,1678563687.6879165,32000,0.04836096614599228,1.3544437885284424,-0.03472667932510376,1.275371789932251,0.030122755095362663,1.2657874822616577,-0.030781202018260956,1.283433198928833
11,1678563688.430198,35200,0.032240644097328186,1.2997393608093262,-0.03472667932510376,1.275371789932251,0.030122755095362663,1.2657874822616577,-0.030781202018260956,1.283433198928833
12,1678563704.5718257,38400,0.032240644097328186,1.2997393608093262,-0.02872837334871292,1.367211937904358,0.030122755095362663,1.2657874822616577,-0.030781202018260956,1.283433198928833
13,1678563704.8825147,41600,0.032240644097328186,1.2997393608093262,-0.02872837334871292,1.367211937904358,0.026947466656565666,1.3648306131362915,-0.030781202018260956,1.283433198928833
14,1678563705.1038332,44800,0.032240644097328186,1.2997393608093262,-0.02872837334871292,1.367211937904358,0.026947466656565666,1.3648306131362915,-0.024427583441138268,1.3780996799468994
15,1678563705.8190575,48000,0.027784086763858795,1.3760534524917603,-0.02872837334871292,1.367211937904358,0.026947466656565666,1.3648306131362915,-0.024427583441138268,1.3780996799468994
16,1678563721.8045685,51200,0.027784086763858795,1.3760534524917603,-0.02872837334871292,1.367211937904358,0.026947466656565666,1.3648306131362915,-0.022064590826630592,1.2727400064468384
17,1678563722.328232,54400,0.027784086763858795,1.3760534524917603,-0.02507328987121582,1.2689763307571411,0.026947466656565666,1.3648306131362915,-0.022064590826630592,1.2727400064468384
18,1678563722.8851213,57600,0.027784086763858795,1.3760534524917603,-0.02507328987121582,1.2689763307571411,0.02466142177581787,1.2492597103118896,-0.022064590826630592,1.2727400064468384
19,1678563723.689599,60800,0.026386713609099388,1.2956876754760742,-0.02507328987121582,1.2689763307571411,0.02466142177581787,1.2492597103118896,-0.022064590826630592,1.2727400064468384
20,1678563739.0380526,64000,0.026386713609099388,1.2956876754760742,-0.02507328987121582,1.2689763307571411,0.02466142177581787,1.2492597103118896,-0.03209831193089485,1.3389902114868164
21,1678563741.1356165,67200,0.026386713609099388,1.2956876754760742,-0.03505369648337364,1.3177075386047363,0.02466142177581787,1.2492597103118896,-0.03209831193089485,1.3389902114868164
22,1678563741.7842512,70400,0.026386713609099388,1.2956876754760742,-0.03505369648337364,1.3177075386047363,0.03724713996052742,1.3937679529190063,-0.03209831193089485,1.3389902114868164
23,1678563742.5558543,73600,0.03750617057085037,1.3370118141174316,-0.03505369648337364,1.3177075386047363,0.03724713996052742,1.3937679529190063,-0.03209831193089485,1.3389902114868164
24,1678563757.9631813,76800,0.03750617057085037,1.3370118141174316,-0.03505369648337364,1.3177075386047363,0.03724713996052742,1.3937679529190063,-0.023979267105460167,1.252985954284668
25,1678563759.1583483,80000,0.03750617057085037,1.3370118141174316,-0.026741502806544304,1.3676273822784424,0.03724713996052742,1.3937679529190063,-0.023979267105460167,1.252985954284668
26,1678563760.2395253,83200,0.03750617057085037,1.3370118141174316,-0.026741502806544304,1.3676273822784424,0.026498043909668922,1.2952007055282593,-0.023979267105460167,1.252985954284668
27,1678563760.9709086,86400,0.02474622242152691,1.2959625720977783,-0.026741502806544304,1.3676273822784424,0.026498043909668922,1.2952007055282593,-0.023979267105460167,1.252985954284668
28,1678563776.6754508,89600,0.02474622242152691,1.2959625720977783,-0.026741502806544304,1.3676273822784424,0.026498043909668922,1.2952007055282593,-0.02229764685034752,1.4614393711090088
29,1678563779.0131483,92800,0.02474622242152691,1.2959625720977783,-0.022103479132056236,1.4326497316360474,0.026498043909668922,1.2952007055282593,-0.02229764685034752,1.4614393711090088
30,1678563780.1057937,96000,0.02474622242152691,1.2959625720977783,-0.022103479132056236,1.4326497316360474,0.02125941775739193,1.2575312852859497,-0.02229764685034752,1.4614393711090088
31,1678563780.9383242,99200,0.021652942523360252,1.2871474027633667,-0.022103479132056236,1.4326497316360474,0.02125941775739193,1.2575312852859497,-0.02229764685034752,1.4614393711090088
32,1678563794.414132,102400,0.021652942523360252,1.2871474027633667,-0.022103479132056236,1.4326497316360474,0.02125941775739193,1.2575312852859497,-0.029794203117489815,1.366878867149353
33,1678563797.4942622,105600,0.029878705739974976,1.266605019569397,-0.022103479132056236,1.4326497316360474,0.02125941775739193,1.2575312852859497,-0.029794203117489815,1.366878867149353
34,1678563797.8551633,108800,0.029878705739974976,1.266605019569397,-0.030183937400579453,1.2647862434387207,0.02125941775739193,1.2575312852859497,-0.029794203117489815,1.366878867149353
35,1678563798.7940013,112000,0.029878705739974976,1.266605019569397,-0.030183937400579453,1.2647862434387207,0.0323072224855423,1.2302272319793701,-0.029794203117489815,1.366878867149353
36,1678563813.2859607,115200,0.029878705739974976,1.266605019569397,-0.030183937400579453,1.2647862434387207,0.0323072224855423,1.2302272319793701,-0.024832796305418015,1.2436827421188354
37,1678563815.2640402,118400,0.029878705739974976,1.266605019569397,-0.028761286288499832,1.234273910522461,0.0323072224855423,1.2302272319793701,-0.024832796305418015,1.2436827421188354
38,1678563816.10034,121600,0.028797244653105736,1.2348355054855347,-0.028761286288499832,1.234273910522461,0.0323072224855423,1.2302272319793701,-0.024832796305418015,1.2436827421188354
39,1678563818.0587063,124800,0.028797244653105736,1.2348355054855347,-0.028761286288499832,1.234273910522461,0.02959374152123928,1.2203192710876465,-0.024832796305418015,1.2436827421188354
40,1678563831.347392,128000,0.028797244653105736,1.2348355054855347,-0.028761286288499832,1.234273910522461,0.02959374152123928,1.2203192710876465,-0.024872614070773125,1.2076090574264526
41,1678563836.9890156,131200,0.028797244653105736,1.2348355054855347,-0.023594791069626808,1.2299365997314453,0.02959374152123928,1.2203192710876465,-0.024872614070773125,1.2076090574264526
42,1678563838.7183518,134400,0.024134647101163864,1.2061718702316284,-0.023594791069626808,1.2299365997314453,0.02959374152123928,1.2203192710876465,-0.024872614070773125,1.2076090574264526
43,1678563840.9388268,137600,0.024134647101163864,1.2061718702316284,-0.023594791069626808,1.2299365997314453,0.02422960288822651,1.218672752380371,-0.024872614070773125,1.2076090574264526
44,1678563853.8361027,140800,0.024134647101163864,1.2061718702316284,-0.023594791069626808,1.2299365997314453,0.02422960288822651,1.218672752380371,-0.019905319437384605,1.2000203132629395
45,1678563858.060931,144000,0.024134647101163864,1.2061718702316284,-0.018174324184656143,1.2198169231414795,0.02422960288822651,1.218672752380371,-0.019905319437384605,1.2000203132629395
46,1678563858.5194256,147200,0.01736564002931118,1.1837486028671265,-0.018174324184656143,1.2198169231414795,0.02422960288822651,1.218672752380371,-0.019905319437384605,1.2000203132629395
47,1678563859.6112647,150400,0.01736564002931118,1.1837486028671265,-0.018174324184656143,1.2198169231414795,0.016341926530003548,1.3864281177520752,-0.019905319437384605,1.2000203132629395
48,1678563871.4077702,153600,0.01736564002931118,1.1837486028671265,-0.018174324184656143,1.2198169231414795,0.016341926530003548,1.3864281177520752,-0.017019860446453094,1.2459396123886108
49,1678563874.5613906,156800,0.01736564002931118,1.1837486028671265,-0.01863306388258934,1.2149771451950073,0.016341926530003548,1.3864281177520752,-0.017019860446453094,1.2459396123886108
50,1678563875.2881348,160000,0.0177629254758358,1.2143688201904297,-0.01863306388258934,1.2149771451950073,0.016341926530003548,1.3864281177520752,-0.017019860446453094,1.2459396123886108
51,1678563875.9183788,163200,0.0177629254758358,1.2143688201904297,-0.01863306388258934,1.2149771451950073,0.017639990895986557,1.2589534521102905,-0.017019860446453094,1.2459396123886108
52,1678563888.2451823,166400,0.0177629254758358,1.2143688201904297,-0.01863306388258934,1.2149771451950073,0.017639990895986557,1.2589534521102905,-0.017531272023916245,1.1693660020828247
53,1678563891.3906295,169600,0.0177629254758358,1.2143688201904297,-0.019321313127875328,1.1933341026306152,0.017639990895986557,1.2589534521102905,-0.017531272023916245,1.1693660020828247
54,1678563892.509136,172800,0.0192128773778677,1.7453417778015137,-0.019321313127875328,1.1933341026306152,0.017639990895986557,1.2589534521102905,-0.017531272023916245,1.1693660020828247
55,1678563893.5600653,176000,0.0192128773778677,1.7453417778015137,-0.019321313127875328,1.1933341026306152,0.019490990787744522,1.1791330575942993,-0.017531272023916245,1.1693660020828247
56,1678563906.146227,179200,0.0192128773778677,1.7453417778015137,-0.019321313127875328,1.1933341026306152,0.019490990787744522,1.1791330575942993,-0.013940375298261642,1.2000843286514282
57,1678563909.2476134,182400,0.0192128773778677,1.7453417778015137,-0.014694135636091232,1.256574273109436,0.019490990787744522,1.1791330575942993,-0.013940375298261642,1.2000843286514282
58,1678563910.2004154,185600,0.014112576842308044,1.275191068649292,-0.014694135636091232,1.256574273109436,0.019490990787744522,1.1791330575942993,-0.013940375298261642,1.2000843286514282
59,1678563910.8558385,188800,0.014112576842308044,1.275191068649292,-0.014694135636091232,1.256574273109436,0.014126552268862724,1.240736961364746,-0.013940375298261642,1.2000843286514282
60,1678563921.9595938,192000,0.014112576842308044,1.275191068649292,-0.014694135636091232,1.256574273109436,0.014126552268862724,1.240736961364746,-0.01801198348402977,1.2230783700942993
61,1678563925.2568057,195200,0.014112576842308044,1.275191068649292,-0.017325667664408684,1.2746918201446533,0.014126552268862724,1.240736961364746,-0.01801198348402977,1.2230783700942993
62,1678563925.8137143,198400,0.017811693251132965,1.237682580947876,-0.017325667664408684,1.2746918201446533,0.014126552268862724,1.240736961364746,-0.01801198348402977,1.2230783700942993
63,1678563926.5682473,201600,0.017811693251132965,1.237682580947876,-0.017325667664408684,1.2746918201446533,0.018739335238933563,1.2577276229858398,-0.01801198348402977,1.2230783700942993
64,1678563936.0914946,204800,0.017811693251132965,1.237682580947876,-0.017325667664408684,1.2746918201446533,0.018739335238933563,1.2577276229858398,-0.02086697146296501,1.330960750579834
65,1678563940.0273237,208000,0.017811693251132965,1.237682580947876,-0.01904013380408287,1.1964362859725952,0.018739335238933563,1.2577276229858398,-0.02086697146296501,1.330960750579834
66,1678563940.7572815,211200,0.019210679456591606,1.221326470375061,-0.01904013380408287,1.1964362859725952,0.018739335238933563,1.2577276229858398,-0.02086697146296501,1.330960750579834
67,1678563941.7516253,214400,0.019210679456591606,1.221326470375061,-0.01904013380408287,1.1964362859725952,0.018560949712991714,1.3699274063110352,-0.02086697146296501,1.330960750579834
68,1678563950.5572147,217600,0.019210679456591606,1.221326470375061,-0.01904013380408287,1.1964362859725952,0.018560949712991714,1.3699274063110352,-0.013131330721080303,1.1942226886749268
69,1678563955.630397,220800,0.011619101278483868,1.2052061557769775,-0.01904013380408287,1.1964362859725952,0.018560949712991714,1.3699274063110352,-0.013131330721080303,1.1942226886749268
70,1678563955.7267084,224000,0.011619101278483868,1.2052061557769775,-0.011513550765812397,1.230059027671814,0.018560949712991714,1.3699274063110352,-0.013131330721080303,1.1942226886749268
71,1678563956.5768576,227200,0.011619101278483868,1.2052061557769775,-0.011513550765812397,1.230059027671814,0.011505689471960068,1.2547237873077393,-0.013131330721080303,1.1942226886749268
72,1678563966.4835086,230400,0.011619101278483868,1.2052061557769775,-0.011513550765812397,1.230059027671814,0.011505689471960068,1.2547237873077393,-0.008628955110907555,1.1852259635925293
73,1678563970.1197603,233600,0.007374592591077089,1.177079677581787,-0.011513550765812397,1.230059027671814,0.011505689471960068,1.2547237873077393,-0.008628955110907555,1.1852259635925293
74,1678563971.1820278,236800,0.007374592591077089,1.177079677581787,-0.006928555201739073,1.2919315099716187,0.011505689471960068,1.2547237873077393,-0.008628955110907555,1.1852259635925293
75,1678563971.8553357,240000,0.007374592591077089,1.177079677581787,-0.006928555201739073,1.2919315099716187,0.007372789550572634,1.2037353515625,-0.008628955110907555,1.1852259635925293
76,1678563981.5082731,243200,0.007374592591077089,1.177079677581787,-0.006928555201739073,1.2919315099716187,0.007372789550572634,1.2037353515625,-0.007494520395994186,1.174689769744873
77,1678563985.419066,246400,0.006379745900630951,1.108954668045044,-0.006928555201739073,1.2919315099716187,0.007372789550572634,1.2037353515625,-0.007494520395994186,1.174689769744873
78,1678563986.6643143,249600,0.006379745900630951,1.108954668045044,-0.006064885295927525,1.2534267902374268,0.007372789550572634,1.2037353515625,-0.007494520395994186,1.174689769744873
79,1678563987.619631,252800,0.006379745900630951,1.108954668045044,-0.006064885295927525,1.2534267902374268,0.005641287658363581,1.1191846132278442,-0.007494520395994186,1.174689769744873
80,1678563997.2809732,256000,0.006379745900630951,1.108954668045044,-0.006064885295927525,1.2534267902374268,0.005641287658363581,1.1191846132278442,-0.0056417519226670265,1.210430383682251
81,1678564001.3947713,259200,0.007318184711039066,1.136095404624939,-0.006064885295927525,1.2534267902374268,0.005641287658363581,1.1191846132278442,-0.0056417519226670265,1.210430383682251
82,1678564003.344463,262400,0.007318184711039066,1.136095404624939,-0.007415291853249073,1.1743178367614746,0.005641287658363581,1.1191846132278442,-0.0056417519226670265,1.210430383682251
83,1678564003.879509,265600,0.007318184711039066,1.136095404624939,-0.007415291853249073,1.1743178367614746,0.007090868894010782,1.1956727504730225,-0.0056417519226670265,1.210430383682251
84,1678564013.0870054,268800,0.007318184711039066,1.136095404624939,-0.007415291853249073,1.1743178367614746,0.007090868894010782,1.1956727504730225,-0.005305000115185976,1.2418084144592285
85,1678564017.5468073,272000,0.003520033322274685,1.2335923910140991,-0.007415291853249073,1.1743178367614746,0.007090868894010782,1.1956727504730225,-0.005305000115185976,1.2418084144592285
86,1678564019.1882544,275200,0.003520033322274685,1.2335923910140991,-0.0037753074429929256,1.1984033584594727,0.007090868894010782,1.1956727504730225,-0.005305000115185976,1.2418084144592285
87,1678564020.1275377,278400,0.003520033322274685,1.2335923910140991,-0.0037753074429929256,1.1984033584594727,0.002843292662873864,1.255027413368225,-0.005305000115185976,1.2418084144592285
88,1678564029.6118865,281600,0.003520033322274685,1.2335923910140991,-0.0037753074429929256,1.1984033584594727,0.002843292662873864,1.255027413368225,-0.0016175952041521668,1.1939702033996582
89,1678564033.5626419,284800,0.001411218661814928,1.3576116561889648,-0.0037753074429929256,1.1984033584594727,0.002843292662873864,1.255027413368225,-0.0016175952041521668,1.1939702033996582
90,1678564035.8112333,288000,0.001411218661814928,1.3576116561889648,-0.000926399021409452,1.1316279172897339,0.002843292662873864,1.255027413368225,-0.0016175952041521668,1.1939702033996582
91,1678564036.5955029,291200,0.001411218661814928,1.3576116561889648,-0.000926399021409452,1.1316279172897339,0.0006956834113225341,1.219101071357727,-0.0016175952041521668,1.1939702033996582
92,1678564044.9449346,294400,0.001411218661814928,1.3576116561889648,-0.000926399021409452,1.1316279172897339,0.0006956834113225341,1.219101071357727,0.0012467053020372987,1.1153564453125
93,1678564048.9034648,297600,-0.0034552745055407286,1.3704806566238403,-0.000926399021409452,1.1316279172897339,0.0006956834113225341,1.219101071357727,0.0012467053020372987,1.1153564453125
94,1678564050.537746,300800,-0.0034552745055407286,1.3704806566238403,0.0028933396097272635,1.1587833166122437,0.0006956834113225341,1.219101071357727,0.0012467053020372987,1.1153564453125
95,1678564052.3212004,304000,-0.0034552745055407286,1.3704806566238403,0.0028933396097272635,1.1587833166122437,-0.0030818611849099398,1.2489840984344482,0.0012467053020372987,1.1153564453125
96,1678564060.4353664,307200,-0.0034552745055407286,1.3704806566238403,0.0028933396097272635,1.1587833166122437,-0.0030818611849099398,1.2489840984344482,0.0032586930319666862,1.1907325983047485
97,1678564064.543419,310400,-0.002275396604090929,1.2213865518569946,0.0028933396097272635,1.1587833166122437,-0.0030818611849099398,1.2489840984344482,0.0032586930319666862,1.1907325983047485
98,1678564066.0841448,313600,-0.002275396604090929,1.2213865518569946,0.0027087589260190725,1.175939917564392,-0.0030818611849099398,1.2489840984344482,0.0032586930319666862,1.1907325983047485
99,1678564067.017421,316800,-0.002275396604090929,1.2213865518569946,0.0027087589260190725,1.175939917564392,-0.0032354032155126333,1.1926026344299316,0.0032586930319666862,1.1907325983047485
100,1678564075.1917725,320000,-0.002275396604090929,1.2213865518569946,0.0027087589260190725,1.175939917564392,-0.0032354032155126333,1.1926026344299316,0.0036629491951316595,1.164097785949707
101,1678564078.9962676,323200,-0.003868892788887024,1.1938080787658691,0.0027087589260190725,1.175939917564392,-0.0032354032155126333,1.1926026344299316,0.0036629491951316595,1.164097785949707
102,1678564080.7176278,326400,-0.003868892788887024,1.1938080787658691,0.0032642940059304237,1.187168002128601,-0.0032354032155126333,1.1926026344299316,0.0036629491951316595,1.164097785949707
103,1678564082.1335297,329600,-0.003868892788887024,1.1938080787658691,0.0032642940059304237,1.187168002128601,-0.0034419591538608074,1.1901369094848633,0.0036629491951316595,1.164097785949707
104,1678564089.591883,332800,-0.003868892788887024,1.1938080787658691,0.0032642940059304237,1.187168002128601,-0.0034419591538608074,1.1901369094848633,0.002176976064220071,1.1620427370071411
105,1678564093.4309971,336000,-0.003406315576285124,1.1816681623458862,0.0032642940059304237,1.187168002128601,-0.0034419591538608074,1.1901369094848633,0.002176976064220071,1.1620427370071411
106,1678564095.8453157,339200,-0.003406315576285124,1.1816681623458862,0.001682241796515882,1.1694519519805908,-0.0034419591538608074,1.1901369094848633,0.002176976064220071,1.1620427370071411
107,1678564097.1469617,342400,-0.003406315576285124,1.1816681623458862,0.001682241796515882,1.1694519519805908,-0.002298025181517005,1.146571397781372,0.002176976064220071,1.1620427370071411
108,1678564104.5758438,345600,-0.003406315576285124,1.1816681623458862,0.001682241796515882,1.1694519519805908,-0.002298025181517005,1.146571397781372,0.005283541977405548,1.162718415260315
109,1678564108.7579455,348800,-0.0039057794492691755,1.1909810304641724,0.001682241796515882,1.1694519519805908,-0.002298025181517005,1.146571397781372,0.005283541977405548,1.162718415260315
110,1678564110.9567652,352000,-0.0039057794492691755,1.1909810304641724,0.004269944969564676,1.2156442403793335,-0.002298025181517005,1.146571397781372,0.005283541977405548,1.162718415260315
111,1678564112.3699229,355200,-0.0039057794492691755,1.1909810304641724,0.004269944969564676,1.2156442403793335,-0.0043637193739414215,1.1726675033569336,0.005283541977405548,1.162718415260315
112,1678564119.8899932,358400,-0.0039057794492691755,1.1909810304641724,0.004269944969564676,1.2156442403793335,-0.0043637193739414215,1.1726675033569336,0.005463058594614267,1.1992636919021606
113,1678564124.2818136,361600,-0.004430767614394426,1.1967970132827759,0.004269944969564676,1.2156442403793335,-0.0043637193739414215,1.1726675033569336,0.005463058594614267,1.1992636919021606
114,1678564126.495633,364800,-0.004430767614394426,1.1967970132827759,0.003468722105026245,1.3111572265625,-0.0043637193739414215,1.1726675033569336,0.005463058594614267,1.1992636919021606
115,1678564127.5787358,368000,-0.004430767614394426,1.1967970132827759,0.003468722105026245,1.3111572265625,-0.0027995144482702017,1.2187952995300293,0.005463058594614267,1.1992636919021606
116,1678564135.6687222,371200,-0.004430767614394426,1.1967970132827759,0.003468722105026245,1.3111572265625,-0.0027995144482702017,1.2187952995300293,0.002854613121598959,1.1523884534835815
117,1678564140.2955496,374400,-0.0022646209690719843,1.1343765258789062,0.003468722105026245,1.3111572265625,-0.0027995144482702017,1.2187952995300293,0.002854613121598959,1.1523884534835815
118,1678564142.8184335,377600,-0.0022646209690719843,1.1343765258789062,0.0009599357726983726,1.2334538698196411,-0.0027995144482702017,1.2187952995300293,0.002854613121598959,1.1523884534835815
119,1678564143.501726,380800,-0.0022646209690719843,1.1343765258789062,0.0009599357726983726,1.2334538698196411,-0.0009307104046456516,1.1595520973205566,0.002854613121598959,1.1523884534835815
120,1678564151.4702458,384000,-0.0022646209690719843,1.1343765258789062,0.0009599357726983726,1.2334538698196411,-0.0009307104046456516,1.1595520973205566,0.0005145801114849746,1.1683701276779175
121,1678564155.4526248,387200,-0.00036564035690389574,1.1580135822296143,0.0009599357726983726,1.2334538698196411,-0.0009307104046456516,1.1595520973205566,0.0005145801114849746,1.1683701276779175
122,1678564158.7055306,390400,-0.00036564035690389574,1.1580135822296143,0.0009599357726983726,1.2334538698196411,-0.0003445136535447091,1.165786623954773,0.0005145801114849746,1.1683701276779175
123,1678564158.9314508,393600,-0.00036564035690389574,1.1580135822296143,0.0007061160285957158,1.1772552728652954,-0.0003445136535447091,1.165786623954773,0.0005145801114849746,1.1683701276779175
124,1678564167.7782924,396800,-0.00036564035690389574,1.1580135822296143,0.0007061160285957158,1.1772552728652954,-0.0003445136535447091,1.165786623954773,-0.0012703679967671633,1.1532773971557617
125,1678564171.649347,400000,0.0017398579511791468,1.1550922393798828,0.0007061160285957158,1.1772552728652954,-0.0003445136535447091,1.165786623954773,-0.0012703679967671633,1.1532773971557617
126,1678564174.2417665,403200,0.0017398579511791468,1.1550922393798828,-0.002343631349503994,1.148045539855957,-0.0003445136535447091,1.165786623954773,-0.0012703679967671633,1.1532773971557617
127,1678564174.3470502,406400,0.0017398579511791468,1.1550922393798828,-0.002343631349503994,1.148045539855957,0.0022569254506379366,1.1243338584899902,-0.0012703679967671633,1.1532773971557617
128,1678564183.3748956,409600,0.0017398579511791468,1.1550922393798828,-0.002343631349503994,1.148045539855957,0.0022569254506379366,1.1243338584899902,-0.000867402704898268,1.161583662033081
129,1678564187.3122096,412800,0.0022114089224487543,1.1858776807785034,-0.002343631349503994,1.148045539855957,0.0022569254506379366,1.1243338584899902,-0.000867402704898268,1.161583662033081
130,1678564190.6892598,416000,0.0022114089224487543,1.1858776807785034,-0.002343631349503994,1.148045539855957,0.0013611470349133015,1.1840301752090454,-0.000867402704898268,1.161583662033081
131,1678564190.7154217,419200,0.0022114089224487543,1.1858776807785034,-0.0015934064285829663,1.1926360130310059,0.0013611470349133015,1.1840301752090454,-0.000867402704898268,1.161583662033081
132,1678564199.5357225,422400,0.0022114089224487543,1.1858776807785034,-0.0015934064285829663,1.1926360130310059,0.0013611470349133015,1.1840301752090454,-0.00018379639368504286,1.1466217041015625
133,1678564204.2234404,425600,0.0005236493889242411,1.1228675842285156,-0.0015934064285829663,1.1926360130310059,0.0013611470349133015,1.1840301752090454,-0.00018379639368504286,1.1466217041015625
134,1678564206.5983734,428800,0.0005236493889242411,1.1228675842285156,-0.0015934064285829663,1.1926360130310059,0.00111615308560431,1.124861240386963,-0.00018379639368504286,1.1466217041015625
135,1678564206.9497745,432000,0.0005236493889242411,1.1228675842285156,-0.0004309229552745819,1.1138699054718018,0.00111615308560431,1.124861240386963,-0.00018379639368504286,1.1466217041015625
136,1678564215.6329582,435200,0.0005236493889242411,1.1228675842285156,-0.0004309229552745819,1.1138699054718018,0.00111615308560431,1.124861240386963,-0.00022763673041481525,1.1867958307266235
137,1678564220.1676657,438400,-0.00041927301208488643,1.1577328443527222,-0.0004309229552745819,1.1138699054718018,0.00111615308560431,1.124861240386963,-0.00022763673041481525,1.1867958307266235
138,1678564221.9388566,441600,-0.00041927301208488643,1.1577328443527222,-0.0005658862646669149,1.1787360906600952,0.00111615308560431,1.124861240386963,-0.00022763673041481525,1.1867958307266235
139,1678564222.2957659,444800,-0.00041927301208488643,1.1577328443527222,-0.0005658862646669149,1.1787360906600952,0.0007370412349700928,1.1889293193817139,-0.00022763673041481525,1.1867958307266235
140,1678564230.9145856,448000,-0.00041927301208488643,1.1577328443527222,-0.0005658862646669149,1.1787360906600952,0.0007370412349700928,1.1889293193817139,-0.0008482421981170774,1.1254322528839111
141,1678564235.0338027,451200,0.0006016006227582693,1.1335251331329346,-0.0005658862646669149,1.1787360906600952,0.0007370412349700928,1.1889293193817139,-0.0008482421981170774,1.1254322528839111
142,1678564237.7717044,454400,0.0006016006227582693,1.1335251331329346,-0.00045454688370227814,1.1152019500732422,0.0007370412349700928,1.1889293193817139,-0.0008482421981170774,1.1254322528839111
143,1678564238.222234,457600,0.0006016006227582693,1.1335251331329346,-0.00045454688370227814,1.1152019500732422,0.0005731367273256183,1.1356849670410156,-0.0008482421981170774,1.1254322528839111
144,1678564246.8605967,460800,0.0006016006227582693,1.1335251331329346,-0.00045454688370227814,1.1152019500732422,0.0005731367273256183,1.1356849670410156,0.0006581562920473516,1.1495182514190674
145,1678564251.337264,464000,-0.0006728136213496327,1.1684019565582275,-0.00045454688370227814,1.1152019500732422,0.0005731367273256183,1.1356849670410156,0.0006581562920473516,1.1495182514190674
146,1678564252.995409,467200,-0.0006728136213496327,1.1684019565582275,-0.0001607301674084738,1.1699062585830688,0.0005731367273256183,1.1356849670410156,0.0006581562920473516,1.1495182514190674
147,1678564254.1173327,470400,-0.0006728136213496327,1.1684019565582275,-0.0001607301674084738,1.1699062585830688,0.00022976221225690097,1.164472222328186,0.0006581562920473516,1.1495182514190674
148,1678564262.5483325,473600,-0.0006728136213496327,1.1684019565582275,-0.0001607301674084738,1.1699062585830688,0.00022976221225690097,1.164472222328186,-0.002278150524944067,1.1937943696975708
149,1678564266.3965218,476800,0.002334293443709612,1.1991018056869507,-0.0001607301674084738,1.1699062585830688,0.00022976221225690097,1.164472222328186,-0.002278150524944067,1.1937943696975708
150,1678564268.6545308,480000,0.002334293443709612,1.1991018056869507,-0.002606591209769249,1.119207739830017,0.00022976221225690097,1.164472222328186,-0.002278150524944067,1.1937943696975708
151,1678564269.001666,483200,0.002334293443709612,1.1991018056869507,-0.002606591209769249,1.119207739830017,0.002768939360976219,1.141982078552246,-0.002278150524944067,1.1937943696975708
152,1678564278.4886155,486400,0.002334293443709612,1.1991018056869507,-0.002606591209769249,1.119207739830017,0.002768939360976219,1.141982078552246,-0.002353283343836665,1.1735774278640747
153,1678564282.7224846,489600,0.002715006936341524,1.1866317987442017,-0.002606591209769249,1.119207739830017,0.002768939360976219,1.141982078552246,-0.002353283343836665,1.1735774278640747
154,1678564284.6472447,492800,0.002715006936341524,1.1866317987442017,-0.003073017578572035,1.16152024269104,0.002768939360976219,1.141982078552246,-0.002353283343836665,1.1735774278640747
155,1678564285.0487695,496000,0.002715006936341524,1.1866317987442017,-0.003073017578572035,1.16152024269104,0.0027421494014561176,1.1722097396850586,-0.002353283343836665,1.1735774278640747
156,1678564293.7224092,499200,0.002715006936341524,1.1866317987442017,-0.003073017578572035,1.16152024269104,0.0027421494014561176,1.1722097396850586,-0.0050435918383300304,1.2366888523101807
157,1678564298.7803636,502400,0.004951478913426399,1.1713497638702393,-0.003073017578572035,1.16152024269104,0.0027421494014561176,1.1722097396850586,-0.0050435918383300304,1.2366888523101807
158,1678564301.0619295,505600,0.004951478913426399,1.1713497638702393,-0.003073017578572035,1.16152024269104,0.005250915884971619,1.1702489852905273,-0.0050435918383300304,1.2366888523101807
159,1678564301.5349736,508800,0.004951478913426399,1.1713497638702393,-0.00509739201515913,1.1562273502349854,0.005250915884971619,1.1702489852905273,-0.0050435918383300304,1.2366888523101807
160,1678564311.4112236,512000,0.004951478913426399,1.1713497638702393,-0.00509739201515913,1.1562273502349854,0.005250915884971619,1.1702489852905273,-0.005637937691062689,1.3000413179397583
161,1678564315.7543724,515200,0.005831336602568626,1.2211254835128784,-0.00509739201515913,1.1562273502349854,0.005250915884971619,1.1702489852905273,-0.005637937691062689,1.3000413179397583
162,1678564317.776526,518400,0.005831336602568626,1.2211254835128784,-0.005607127211987972,1.2120205163955688,0.005250915884971619,1.1702489852905273,-0.005637937691062689,1.3000413179397583
163,1678564318.121279,521600,0.005831336602568626,1.2211254835128784,-0.005607127211987972,1.2120205163955688,0.005968260113149881,1.2487951517105103,-0.005637937691062689,1.3000413179397583
164,1678564327.8596573,524800,0.005831336602568626,1.2211254835128784,-0.005607127211987972,1.2120205163955688,0.005968260113149881,1.2487951517105103,-0.007017364725470543,1.217431664466858
165,1678564331.6357024,528000,0.007331704720854759,1.1681305170059204,-0.005607127211987972,1.2120205163955688,0.005968260113149881,1.2487951517105103,-0.007017364725470543,1.217431664466858
166,1678564333.5062003,531200,0.007331704720854759,1.1681305170059204,-0.005607127211987972,1.2120205163955688,0.007465369068086147,1.1668838262557983,-0.007017364725470543,1.217431664466858
167,1678564333.7054725,534400,0.007331704720854759,1.1681305170059204,-0.007604596205055714,1.156853199005127,0.007465369068086147,1.1668838262557983,-0.007017364725470543,1.217431664466858
168,1678564343.089591,537600,0.007331704720854759,1.1681305170059204,-0.007604596205055714,1.156853199005127,0.007465369068086147,1.1668838262557983,-0.006052245851606131,1.2232736349105835
169,1678564347.733636,540800,0.005243195220828056,1.1589133739471436,-0.007604596205055714,1.156853199005127,0.007465369068086147,1.1668838262557983,-0.006052245851606131,1.2232736349105835
170,1678564349.6983702,544000,0.005243195220828056,1.1589133739471436,-0.004520769231021404,1.1839118003845215,0.007465369068086147,1.1668838262557983,-0.006052245851606131,1.2232736349105835
171,1678564349.9613008,547200,0.005243195220828056,1.1589133739471436,-0.004520769231021404,1.1839118003845215,0.0046855006366968155,1.2059190273284912,-0.006052245851606131,1.2232736349105835
172,1678564358.9654644,550400,0.005243195220828056,1.1589133739471436,-0.004520769231021404,1.1839118003845215,0.0046855006366968155,1.2059190273284912,-0.0036811523605138063,1.1329599618911743
173,1678564363.5273216,553600,0.004058690741658211,1.1249009370803833,-0.004520769231021404,1.1839118003845215,0.0046855006366968155,1.2059190273284912,-0.0036811523605138063,1.1329599618911743
174,1678564365.4151711,556800,0.004058690741658211,1.1249009370803833,-0.004520769231021404,1.1839118003845215,0.004498986527323723,1.1381703615188599,-0.0036811523605138063,1.1329599618911743
175,1678564365.4996362,560000,0.004058690741658211,1.1249009370803833,-0.004339519422501326,1.1792465448379517,0.004498986527323723,1.1381703615188599,-0.0036811523605138063,1.1329599618911743
176,1678564374.6748204,563200,0.004058690741658211,1.1249009370803833,-0.004339519422501326,1.1792465448379517,0.004498986527323723,1.1381703615188599,-0.004476040136069059,1.151494026184082
177,1678564378.0788836,566400,0.003968497738242149,1.1230263710021973,-0.004339519422501326,1.1792465448379517,0.004498986527323723,1.1381703615188599,-0.004476040136069059,1.151494026184082
178,1678564380.712974,569600,0.003968497738242149,1.1230263710021973,-0.004339519422501326,1.1792465448379517,0.004589267540723085,1.1293482780456543,-0.004476040136069059,1.151494026184082
179,1678564380.967166,572800,0.003968497738242149,1.1230263710021973,-0.0048550572246313095,1.1363753080368042,0.004589267540723085,1.1293482780456543,-0.004476040136069059,1.151494026184082
180,1678564389.9610574,576000,0.003968497738242149,1.1230263710021973,-0.0048550572246313095,1.1363753080368042,0.004589267540723085,1.1293482780456543,-0.005093343090265989,1.1307333707809448
181,1678564394.2967546,579200,0.004890742711722851,1.1317590475082397,-0.0048550572246313095,1.1363753080368042,0.004589267540723085,1.1293482780456543,-0.005093343090265989,1.1307333707809448
182,1678564396.5662444,582400,0.004890742711722851,1.1317590475082397,-0.0048550572246313095,1.1363753080368042,0.0049392762593925,1.1327563524246216,-0.005093343090265989,1.1307333707809448
183,1678564396.7660015,585600,0.004890742711722851,1.1317590475082397,-0.005123679991811514,1.1391661167144775,0.0049392762593925,1.1327563524246216,-0.005093343090265989,1.1307333707809448
184,1678564405.6820672,588800,0.004890742711722851,1.1317590475082397,-0.005123679991811514,1.1391661167144775,0.0049392762593925,1.1327563524246216,-0.0052413190715014935,1.1547795534133911
185,1678564409.4097977,592000,0.004786684177815914,1.1406683921813965,-0.005123679991811514,1.1391661167144775,0.0049392762593925,1.1327563524246216,-0.0052413190715014935,1.1547795534133911
186,1678564411.7105904,595200,0.004786684177815914,1.1406683921813965,-0.004388883244246244,1.1458063125610352,0.0049392762593925,1.1327563524246216,-0.0052413190715014935,1.1547795534133911
187,1678564412.2022457,598400,0.004786684177815914,1.1406683921813965,-0.004388883244246244,1.1458063125610352,0.004577840678393841,1.1475120782852173,-0.0052413190715014935,1.1547795534133911
188,1678564421.0313888,601600,0.004786684177815914,1.1406683921813965,-0.004388883244246244,1.1458063125610352,0.004577840678393841,1.1475120782852173,-0.00311715598218143,1.1641860008239746
189,1678564425.5960736,604800,0.002995827002450824,1.1617003679275513,-0.004388883244246244,1.1458063125610352,0.004577840678393841,1.1475120782852173,-0.00311715598218143,1.1641860008239746
190,1678564428.351957,608000,0.002995827002450824,1.1617003679275513,-0.0026564672589302063,1.1282286643981934,0.004577840678393841,1.1475120782852173,-0.00311715598218143,1.1641860008239746
191,1678564428.7833443,611200,0.002995827002450824,1.1617003679275513,-0.0026564672589302063,1.1282286643981934,0.0027672031428664923,1.1463513374328613,-0.00311715598218143,1.1641860008239746
192,1678564440.8549366,614400,0.002995827002450824,1.1617003679275513,-0.0026564672589302063,1.1282286643981934,0.0027672031428664923,1.1463513374328613,-0.002103505190461874,1.123115062713623
193,1678564446.0072095,617600,0.0011662158649414778,1.138384222984314,-0.0026564672589302063,1.1282286643981934,0.0027672031428664923,1.1463513374328613,-0.002103505190461874,1.123115062713623
194,1678564450.4362814,620800,0.0011662158649414778,1.138384222984314,-0.0013812523102387786,1.161989688873291,0.0027672031428664923,1.1463513374328613,-0.002103505190461874,1.123115062713623
195,1678564450.789717,624000,0.0011662158649414778,1.138384222984314,-0.0013812523102387786,1.161989688873291,0.0012277832720428705,1.1604217290878296,-0.002103505190461874,1.123115062713623
196,1678564462.0041482,627200,0.0011662158649414778,1.138384222984314,-0.0013812523102387786,1.161989688873291,0.0012277832720428705,1.1604217290878296,-0.002200083341449499,1.1973111629486084
197,1678564466.232217,630400,0.002118501579388976,1.200314998626709,-0.0013812523102387786,1.161989688873291,0.0012277832720428705,1.1604217290878296,-0.002200083341449499,1.1973111629486084
198,1678564468.930558,633600,0.002118501579388976,1.200314998626709,-0.0019388251239433885,1.2048711776733398,0.0012277832720428705,1.1604217290878296,-0.002200083341449499,1.1973111629486084
199,1678564469.82437,636800,0.002118501579388976,1.200314998626709,-0.0019388251239433885,1.2048711776733398,0.0019187304424121976,1.1896156072616577,-0.002200083341449499,1.1973111629486084
200,1678564479.87376,640000,0.002118501579388976,1.200314998626709,-0.0019388251239433885,1.2048711776733398,0.0019187304424121976,1.1896156072616577,-0.00215694447979331,1.1183996200561523
201,1678564484.7424762,643200,0.003124967450276017,1.13895583152771,-0.0019388251239433885,1.2048711776733398,0.0019187304424121976,1.1896156072616577,-0.00215694447979331,1.1183996200561523
202,1678564488.0327718,646400,0.003124967450276017,1.13895583152771,-0.0029238269198685884,1.1492414474487305,0.0019187304424121976,1.1896156072616577,-0.00215694447979331,1.1183996200561523
203,1678564488.725126,649600,0.003124967450276017,1.13895583152771,-0.0029238269198685884,1.1492414474487305,0.0034927118103951216,1.1402949094772339,-0.00215694447979331,1.1183996200561523
204,1678564503.2899098,652800,0.003124967450276017,1.13895583152771,-0.0029238269198685884,1.1492414474487305,0.0034927118103951216,1.1402949094772339,-0.003764758352190256,1.1704034805297852
205,1678564506.6355898,656000,0.003966314252465963,1.1469916105270386,-0.0029238269198685884,1.1492414474487305,0.0034927118103951216,1.1402949094772339,-0.003764758352190256,1.1704034805297852
206,1678564509.6303341,659200,0.003966314252465963,1.1469916105270386,-0.003971278667449951,1.1633086204528809,0.0034927118103951216,1.1402949094772339,-0.003764758352190256,1.1704034805297852
207,1678564510.7328572,662400,0.003966314252465963,1.1469916105270386,-0.003971278667449951,1.1633086204528809,0.0037239529192447662,1.1572089195251465,-0.003764758352190256,1.1704034805297852
208,1678564520.7811594,665600,0.003966314252465963,1.1469916105270386,-0.003971278667449951,1.1633086204528809,0.0037239529192447662,1.1572089195251465,-0.0035310708917677402,1.1720025539398193
209,1678564525.0453846,668800,0.004021377302706242,1.149641752243042,-0.003971278667449951,1.1633086204528809,0.0037239529192447662,1.1572089195251465,-0.0035310708917677402,1.1720025539398193
210,1678564527.4621317,672000,0.004021377302706242,1.149641752243042,-0.003896348876878619,1.1601794958114624,0.0037239529192447662,1.1572089195251465,-0.0035310708917677402,1.1720025539398193
211,1678564528.8001475,675200,0.004021377302706242,1.149641752243042,-0.003896348876878619,1.1601794958114624,0.003880623960867524,1.183640480041504,-0.0035310708917677402,1.1720025539398193
212,1678564538.9464502,678400,0.004021377302706242,1.149641752243042,-0.003896348876878619,1.1601794958114624,0.003880623960867524,1.183640480041504,-0.0045121037401258945,1.160571575164795
213,1678564542.2597995,681600,0.0035650823265314102,1.147088646888733,-0.003896348876878619,1.1601794958114624,0.003880623960867524,1.183640480041504,-0.0045121037401258945,1.160571575164795
214,1678564546.5348969,684800,0.0035650823265314102,1.147088646888733,-0.004112046677619219,1.1407033205032349,0.003880623960867524,1.183640480041504,-0.0045121037401258945,1.160571575164795
215,1678564547.050787,688000,0.0035650823265314102,1.147088646888733,-0.004112046677619219,1.1407033205032349,0.0037129747215658426,1.1340234279632568,-0.0045121037401258945,1.160571575164795
216,1678564557.6359837,691200,0.0035650823265314102,1.147088646888733,-0.004112046677619219,1.1407033205032349,0.0037129747215658426,1.1340234279632568,-0.00461782980710268,1.149597406387329
217,1678564562.2940302,694400,0.004660137463361025,1.1448036432266235,-0.004112046677619219,1.1407033205032349,0.0037129747215658426,1.1340234279632568,-0.00461782980710268,1.149597406387329
218,1678564565.2177758,697600,0.004660137463361025,1.1448036432266235,-0.004131488502025604,1.152971625328064,0.0037129747215658426,1.1340234279632568,-0.00461782980710268,1.149597406387329
219,1678564566.0384123,700800,0.004660137463361025,1.1448036432266235,-0.004131488502025604,1.152971625328064,0.004299263935536146,1.1596041917800903,-0.00461782980710268,1.149597406387329
220,1678564576.2660098,704000,0.004660137463361025,1.1448036432266235,-0.004131488502025604,1.152971625328064,0.004299263935536146,1.1596041917800903,-0.004473898094147444,1.157058596611023
221,1678564579.597217,707200,0.00476165022701025,1.1578553915023804,-0.004131488502025604,1.152971625328064,0.004299263935536146,1.1596041917800903,-0.004473898094147444,1.157058596611023
222,1678564582.6505926,710400,0.00476165022701025,1.1578553915023804,-0.004683180712163448,1.1632782220840454,0.004299263935536146,1.1596041917800903,-0.004473898094147444,1.157058596611023
223,1678564584.2976308,713600,0.00476165022701025,1.1578553915023804,-0.004683180712163448,1.1632782220840454,0.004994858987629414,1.1766363382339478,-0.004473898094147444,1.157058596611023
224,1678564593.7402208,716800,0.00476165022701025,1.1578553915023804,-0.004683180712163448,1.1632782220840454,0.004994858987629414,1.1766363382339478,-0.00490697892382741,1.160975694656372
225,1678564597.1559906,720000,0.005255813244730234,1.1448568105697632,-0.004683180712163448,1.1632782220840454,0.004994858987629414,1.1766363382339478,-0.00490697892382741,1.160975694656372
226,1678564599.6072557,723200,0.005255813244730234,1.1448568105697632,-0.005545219872146845,1.1615269184112549,0.004994858987629414,1.1766363382339478,-0.00490697892382741,1.160975694656372
227,1678564600.7942815,726400,0.005255813244730234,1.1448568105697632,-0.005545219872146845,1.1615269184112549,0.005808455869555473,1.1594358682632446,-0.00490697892382741,1.160975694656372
228,1678564612.343467,729600,0.005255813244730234,1.1448568105697632,-0.005545219872146845,1.1615269184112549,0.005808455869555473,1.1594358682632446,-0.006570213474333286,1.184865951538086
229,1678564616.461264,732800,0.007216325029730797,1.1795562505722046,-0.005545219872146845,1.1615269184112549,0.005808455869555473,1.1594358682632446,-0.006570213474333286,1.184865951538086
230,1678564618.8933985,736000,0.007216325029730797,1.1795562505722046,-0.00776651781052351,1.1749379634857178,0.005808455869555473,1.1594358682632446,-0.006570213474333286,1.184865951538086
231,1678564620.6925955,739200,0.007216325029730797,1.1795562505722046,-0.00776651781052351,1.1749379634857178,0.00764387147501111,1.185693383216858,-0.006570213474333286,1.184865951538086
232,1678564631.5169342,742400,0.007216325029730797,1.1795562505722046,-0.00776651781052351,1.1749379634857178,0.00764387147501111,1.185693383216858,-0.007129818666726351,1.1696059703826904
233,1678564635.7186964,745600,0.006534927990287542,1.1721302270889282,-0.00776651781052351,1.1749379634857178,0.00764387147501111,1.185693383216858,-0.007129818666726351,1.1696059703826904
234,1678564637.5303986,748800,0.006534927990287542,1.1721302270889282,-0.007010439410805702,1.185226321220398,0.00764387147501111,1.185693383216858,-0.007129818666726351,1.1696059703826904
235,1678564639.9512045,752000,0.006534927990287542,1.1721302270889282,-0.007010439410805702,1.185226321220398,0.007050747517496347,1.1469910144805908,-0.007129818666726351,1.1696059703826904
236,1678564650.7185886,755200,0.006534927990287542,1.1721302270889282,-0.007010439410805702,1.185226321220398,0.007050747517496347,1.1469910144805908,-0.00678110308945179,1.1323750019073486
237,1678564653.9937198,758400,0.00702738668769598,1.1500732898712158,-0.007010439410805702,1.185226321220398,0.007050747517496347,1.1469910144805908,-0.00678110308945179,1.1323750019073486
238,1678564656.2863374,761600,0.00702738668769598,1.1500732898712158,-0.00700834346935153,1.223183035850525,0.007050747517496347,1.1469910144805908,-0.00678110308945179,1.1323750019073486
239,1678564657.6503906,764800,0.00702738668769598,1.1500732898712158,-0.00700834346935153,1.223183035850525,0.007631314918398857,1.2549971342086792,-0.00678110308945179,1.1323750019073486
240,1678564669.8882906,768000,0.00702738668769598,1.1500732898712158,-0.00700834346935153,1.223183035850525,0.007631314918398857,1.2549971342086792,-0.007680492475628853,1.1681795120239258
241,1678564673.3927736,771200,0.007476501632481813,1.2161401510238647,-0.00700834346935153,1.223183035850525,0.007631314918398857,1.2549971342086792,-0.007680492475628853,1.1681795120239258
242,1678564675.837948,774400,0.007476501632481813,1.2161401510238647,-0.007580089382827282,1.1747432947158813,0.007631314918398857,1.2549971342086792,-0.007680492475628853,1.1681795120239258
243,1678564677.4410794,777600,0.007476501632481813,1.2161401510238647,-0.007580089382827282,1.1747432947158813,0.007195301819592714,1.266237735748291,-0.007680492475628853,1.1681795120239258
244,1678564687.8264303,780800,0.007476501632481813,1.2161401510238647,-0.007580089382827282,1.1747432947158813,0.007195301819592714,1.266237735748291,-0.007640328258275986,1.2100611925125122
245,1678564691.3067966,784000,0.007578382734209299,1.1948843002319336,-0.007580089382827282,1.1747432947158813,0.007195301819592714,1.266237735748291,-0.007640328258275986,1.2100611925125122
246,1678564693.1377382,787200,0.007578382734209299,1.1948843002319336,-0.007791534066200256,1.2008343935012817,0.007195301819592714,1.266237735748291,-0.007640328258275986,1.2100611925125122
247,1678564695.0850213,790400,0.007578382734209299,1.1948843002319336,-0.007791534066200256,1.2008343935012817,0.0073013342916965485,1.2805778980255127,-0.007640328258275986,1.2100611925125122
248,1678564705.2849827,793600,0.007578382734209299,1.1948843002319336,-0.007791534066200256,1.2008343935012817,0.0073013342916965485,1.2805778980255127,-0.007628710940480232,1.1246414184570312
249,1678564710.6193075,796800,0.008194467052817345,1.1451683044433594,-0.007791534066200256,1.2008343935012817,0.0073013342916965485,1.2805778980255127,-0.007628710940480232,1.1246414184570312
250,1678564714.085972,800000,0.008194467052817345,1.1451683044433594,-0.008167359046638012,1.13386869430542,0.0073013342916965485,1.2805778980255127,-0.007628710940480232,1.1246414184570312
251,1678564716.004109,803200,0.008194467052817345,1.1451683044433594,-0.008167359046638012,1.13386869430542,0.008035290986299515,1.1584444046020508,-0.007628710940480232,1.1246414184570312
252,1678564724.7598236,806400,0.008194467052817345,1.1451683044433594,-0.008167359046638012,1.13386869430542,0.008035290986299515,1.1584444046020508,-0.008071370422840118,1.1733392477035522
253,1678564727.8157763,809600,0.008284960873425007,1.156914234161377,-0.008167359046638012,1.13386869430542,0.008035290986299515,1.1584444046020508,-0.008071370422840118,1.1733392477035522
254,1678564729.2425928,812800,0.008284960873425007,1.156914234161377,-0.008314832113683224,1.1745036840438843,0.008035290986299515,1.1584444046020508,-0.008071370422840118,1.1733392477035522
255,1678564731.5466852,816000,0.008284960873425007,1.156914234161377,-0.008314832113683224,1.1745036840438843,0.007936540059745312,1.1697413921356201,-0.008071370422840118,1.1733392477035522
256,1678564739.1517496,819200,0.008284960873425007,1.156914234161377,-0.008314832113683224,1.1745036840438843,0.007936540059745312,1.1697413921356201,-0.00792071595788002,1.1855465173721313
257,1678564743.6532109,822400,0.008775032125413418,1.1852315664291382,-0.008314832113683224,1.1745036840438843,0.007936540059745312,1.1697413921356201,-0.00792071595788002,1.1855465173721313
258,1678564745.105848,825600,0.008775032125413418,1.1852315664291382,-0.009085481986403465,1.1940345764160156,0.007936540059745312,1.1697413921356201,-0.00792071595788002,1.1855465173721313
259,1678564747.3036182,828800,0.008775032125413418,1.1852315664291382,-0.009085481986403465,1.1940345764160156,0.00893950555473566,1.1795191764831543,-0.00792071595788002,1.1855465173721313
260,1678564757.259749,832000,0.008775032125413418,1.1852315664291382,-0.009085481986403465,1.1940345764160156,0.00893950555473566,1.1795191764831543,-0.008684326894581318,1.1604256629943848
261,1678564759.0038178,835200,0.008326421491801739,1.1628026962280273,-0.009085481986403465,1.1940345764160156,0.00893950555473566,1.1795191764831543,-0.008684326894581318,1.1604256629943848
262,1678564759.9537606,838400,0.008326421491801739,1.1628026962280273,-0.007909318432211876,1.1773966550827026,0.00893950555473566,1.1795191764831543,-0.008684326894581318,1.1604256629943848
263,1678564763.3821347,841600,0.008326421491801739,1.1628026962280273,-0.007909318432211876,1.1773966550827026,0.00812602136284113,1.1795158386230469,-0.008684326894581318,1.1604256629943848
264,1678564770.5798573,844800,0.008326421491801739,1.1628026962280273,-0.007909318432211876,1.1773966550827026,0.00812602136284113,1.1795158386230469,-0.008220751769840717,1.155007004737854
265,1678564772.6035545,848000,0.008539003320038319,1.1565204858779907,-0.007909318432211876,1.1773966550827026,0.00812602136284113,1.1795158386230469,-0.008220751769840717,1.155007004737854
266,1678564773.3549585,851200,0.008539003320038319,1.1565204858779907,-0.008419704623520374,1.1530870199203491,0.00812602136284113,1.1795158386230469,-0.008220751769840717,1.155007004737854
267,1678564776.816044,854400,0.008539003320038319,1.1565204858779907,-0.008419704623520374,1.1530870199203491,0.008390737697482109,1.161878228187561,-0.008220751769840717,1.155007004737854
268,1678564784.9272532,857600,0.008539003320038319,1.1565204858779907,-0.008419704623520374,1.1530870199203491,0.008390737697482109,1.161878228187561,-0.00807472039014101,1.148922324180603
269,1678564786.5131388,860800,0.00838772114366293,1.1467177867889404,-0.008419704623520374,1.1530870199203491,0.008390737697482109,1.161878228187561,-0.00807472039014101,1.148922324180603
270,1678564786.9944098,864000,0.00838772114366293,1.1467177867889404,-0.008478729985654354,1.165905475616455,0.008390737697482109,1.161878228187561,-0.00807472039014101,1.148922324180603
271,1678564790.9421191,867200,0.00838772114366293,1.1467177867889404,-0.008478729985654354,1.165905475616455,0.008040324784815311,1.1295737028121948,-0.00807472039014101,1.148922324180603
272,1678564798.9561937,870400,0.00838772114366293,1.1467177867889404,-0.008478729985654354,1.165905475616455,0.008040324784815311,1.1295737028121948,-0.008156226016581059,1.1281594038009644
273,1678564800.4448,873600,0.00838772114366293,1.1467177867889404,-0.00833024363964796,1.1520613431930542,0.008040324784815311,1.1295737028121948,-0.008156226016581059,1.1281594038009644
274,1678564800.7987237,876800,0.007989387959241867,1.145540714263916,-0.00833024363964796,1.1520613431930542,0.008040324784815311,1.1295737028121948,-0.008156226016581059,1.1281594038009644
275,1678564804.3270714,880000,0.007989387959241867,1.145540714263916,-0.00833024363964796,1.1520613431930542,0.008322910405695438,1.1554127931594849,-0.008156226016581059,1.1281594038009644
276,1678564812.9486623,883200,0.007989387959241867,1.145540714263916,-0.00833024363964796,1.1520613431930542,0.008322910405695438,1.1554127931594849,-0.008869989775121212,1.1974804401397705
277,1678564813.778002,886400,0.007989387959241867,1.145540714263916,-0.009186972863972187,1.2126609086990356,0.008322910405695438,1.1554127931594849,-0.008869989775121212,1.1974804401397705
278,1678564814.1992366,889600,0.008987462148070335,1.2245259284973145,-0.009186972863972187,1.2126609086990356,0.008322910405695438,1.1554127931594849,-0.008869989775121212,1.1974804401397705
279,1678564818.6550505,892800,0.008987462148070335,1.2245259284973145,-0.009186972863972187,1.2126609086990356,0.009731105528771877,1.18565833568573,-0.008869989775121212,1.1974804401397705
280,1678564826.6738544,896000,0.008987462148070335,1.2245259284973145,-0.009186972863972187,1.2126609086990356,0.009731105528771877,1.18565833568573,-0.009226582013070583,1.1544084548950195
281,1678564827.688575,899200,0.008987462148070335,1.2245259284973145,-0.009383957833051682,1.1932517290115356,0.009731105528771877,1.18565833568573,-0.009226582013070583,1.1544084548950195
282,1678564827.9464815,902400,0.008763070218265057,1.1708381175994873,-0.009383957833051682,1.1932517290115356,0.009731105528771877,1.18565833568573,-0.009226582013070583,1.1544084548950195
283,1678564832.6615186,905600,0.008763070218265057,1.1708381175994873,-0.009383957833051682,1.1932517290115356,0.008916442282497883,1.2007126808166504,-0.009226582013070583,1.1544084548950195
284,1678564841.617712,908800,0.008763070218265057,1.1708381175994873,-0.009383957833051682,1.1932517290115356,0.008916442282497883,1.2007126808166504,-0.009050707332789898,1.2323918342590332
285,1678564842.0601125,912000,0.008763070218265057,1.1708381175994873,-0.009547569788992405,1.238179326057434,0.008916442282497883,1.2007126808166504,-0.009050707332789898,1.2323918342590332
286,1678564842.7134778,915200,0.009318866766989231,1.2361525297164917,-0.009547569788992405,1.238179326057434,0.008916442282497883,1.2007126808166504,-0.009050707332789898,1.2323918342590332
287,1678564848.5027125,918400,0.009318866766989231,1.2361525297164917,-0.009547569788992405,1.238179326057434,0.00905555859208107,1.2095168828964233,-0.009050707332789898,1.2323918342590332
288,1678564857.4869769,921600,0.009318866766989231,1.2361525297164917,-0.009613176807761192,1.1535956859588623,0.00905555859208107,1.2095168828964233,-0.009050707332789898,1.2323918342590332
289,1678564857.632823,924800,0.009318866766989231,1.2361525297164917,-0.009613176807761192,1.1535956859588623,0.00905555859208107,1.2095168828964233,-0.009303968399763107,1.1436349153518677
290,1678564858.6966598,928000,0.009381470270454884,1.1544827222824097,-0.009613176807761192,1.1535956859588623,0.00905555859208107,1.2095168828964233,-0.009303968399763107,1.1436349153518677
291,1678564864.0168517,931200,0.009381470270454884,1.1544827222824097,-0.009613176807761192,1.1535956859588623,0.008978909812867641,1.1449154615402222,-0.009303968399763107,1.1436349153518677
292,1678564871.9021444,934400,0.009381470270454884,1.1544827222824097,-0.008955210447311401,1.1771703958511353,0.008978909812867641,1.1449154615402222,-0.009303968399763107,1.1436349153518677
293,1678564872.6539044,937600,0.009381470270454884,1.1544827222824097,-0.008955210447311401,1.1771703958511353,0.008978909812867641,1.1449154615402222,-0.00864327885210514,1.1925036907196045
294,1678564873.8869421,940800,0.008972181007266045,1.1636536121368408,-0.008955210447311401,1.1771703958511353,0.008978909812867641,1.1449154615402222,-0.00864327885210514,1.1925036907196045
295,1678564878.9280477,944000,0.008972181007266045,1.1636536121368408,-0.008955210447311401,1.1771703958511353,0.008811530657112598,1.1687456369400024,-0.00864327885210514,1.1925036907196045
296,1678564887.00747,947200,0.008972181007266045,1.1636536121368408,-0.008954854682087898,1.1687922477722168,0.008811530657112598,1.1687456369400024,-0.00864327885210514,1.1925036907196045
297,1678564887.9799843,950400,0.008972181007266045,1.1636536121368408,-0.008954854682087898,1.1687922477722168,0.008811530657112598,1.1687456369400024,-0.00882637221366167,1.162770390510559
298,1678564888.584791,953600,0.008619043044745922,1.1427818536758423,-0.008954854682087898,1.1687922477722168,0.008811530657112598,1.1687456369400024,-0.00882637221366167,1.162770390510559
299,1678564894.1949353,956800,0.008619043044745922,1.1427818536758423,-0.008954854682087898,1.1687922477722168,0.0085094990208745,1.151915431022644,-0.00882637221366167,1.162770390510559
300,1678564903.5339837,960000,0.008619043044745922,1.1427818536758423,-0.00853374321013689,1.1427338123321533,0.0085094990208745,1.151915431022644,-0.00882637221366167,1.162770390510559
301,1678564906.3238454,963200,0.008323518559336662,1.1415067911148071,-0.00853374321013689,1.1427338123321533,0.0085094990208745,1.151915431022644,-0.00882637221366167,1.162770390510559
302,1678564906.3433802,966400,0.008323518559336662,1.1415067911148071,-0.00853374321013689,1.1427338123321533,0.0085094990208745,1.151915431022644,-0.008301886729896069,1.1512975692749023
303,1678564914.5349236,969600,0.008323518559336662,1.1415067911148071,-0.00853374321013689,1.1427338123321533,0.008352547883987427,1.1159508228302002,-0.008301886729896069,1.1512975692749023
304,1678564923.3617444,972800,0.008323518559336662,1.1415067911148071,-0.008235038258135319,1.1796380281448364,0.008352547883987427,1.1159508228302002,-0.008301886729896069,1.1512975692749023
305,1678564926.7099047,976000,0.008146706968545914,1.1728761196136475,-0.008235038258135319,1.1796380281448364,0.008352547883987427,1.1159508228302002,-0.008301886729896069,1.1512975692749023
306,1678564926.7535675,979200,0.008146706968545914,1.1728761196136475,-0.008235038258135319,1.1796380281448364,0.008352547883987427,1.1159508228302002,-0.008104350417852402,1.2036434412002563
307,1678564934.927622,982400,0.008146706968545914,1.1728761196136475,-0.008235038258135319,1.1796380281448364,0.008422587998211384,1.2022141218185425,-0.008104350417852402,1.2036434412002563
308,1678564941.4639657,985600,0.008146706968545914,1.1728761196136475,-0.00900726206600666,1.218529462814331,0.008422587998211384,1.2022141218185425,-0.008104350417852402,1.2036434412002563
309,1678564945.3251884,988800,0.009179385378956795,1.1974639892578125,-0.00900726206600666,1.218529462814331,0.008422587998211384,1.2022141218185425,-0.008104350417852402,1.2036434412002563
310,1678564945.7881174,992000,0.009179385378956795,1.1974639892578125,-0.00900726206600666,1.218529462814331,0.008422587998211384,1.2022141218185425,-0.00927809439599514,1.1928941011428833
311,1678564952.6529684,995200,0.009179385378956795,1.1974639892578125,-0.00900726206600666,1.218529462814331,0.009305884130299091,1.1956114768981934,-0.00927809439599514,1.1928941011428833
312,1678564958.366108,998400,0.009179385378956795,1.1974639892578125,-0.009787577204406261,1.169705867767334,0.009305884130299091,1.1956114768981934,-0.00927809439599514,1.1928941011428833
313,1678564962.4263604,1001600,0.009597104974091053,1.1444716453552246,-0.009787577204406261,1.169705867767334,0.009305884130299091,1.1956114768981934,-0.00927809439599514,1.1928941011428833
314,1678564963.317364,1004800,0.009597104974091053,1.1444716453552246,-0.009787577204406261,1.169705867767334,0.009305884130299091,1.1956114768981934,-0.009379272349178791,1.1429060697555542
315,1678564970.757866,1008000,0.009597104974091053,1.1444716453552246,-0.009787577204406261,1.169705867767334,0.009144513867795467,1.183875560760498,-0.009379272349178791,1.1429060697555542
316,1678564976.4576309,1011200,0.009597104974091053,1.1444716453552246,-0.009530823677778244,1.1952115297317505,0.009144513867795467,1.183875560760498,-0.009379272349178791,1.1429060697555542
317,1678564980.2740943,1014400,0.009742159396409988,1.222387671470642,-0.009530823677778244,1.1952115297317505,0.009144513867795467,1.183875560760498,-0.009379272349178791,1.1429060697555542
318,1678564981.5542045,1017600,0.009742159396409988,1.222387671470642,-0.009530823677778244,1.1952115297317505,0.009144513867795467,1.183875560760498,-0.00953980814665556,1.2165513038635254
319,1678564988.5293958,1020800,0.009742159396409988,1.222387671470642,-0.009530823677778244,1.1952115297317505,0.0092879394069314,1.2294574975967407,-0.00953980814665556,1.2165513038635254
320,1678564993.7094934,1024000,0.009742159396409988,1.222387671470642,-0.008740981109440327,1.2319486141204834,0.0092879394069314,1.2294574975967407,-0.00953980814665556,1.2165513038635254
321,1678564999.3151839,1027200,0.008404705673456192,1.210168480873108,-0.008740981109440327,1.2319486141204834,0.0092879394069314,1.2294574975967407,-0.00953980814665556,1.2165513038635254
322,1678564999.7028556,1030400,0.008404705673456192,1.210168480873108,-0.008740981109440327,1.2319486141204834,0.0092879394069314,1.2294574975967407,-0.008555298671126366,1.2053805589675903
323,1678565007.8485215,1033600,0.008404705673456192,1.210168480873108,-0.008740981109440327,1.2319486141204834,0.008155073039233685,1.176780343055725,-0.008555298671126366,1.2053805589675903
324,1678565011.5599844,1036800,0.008404705673456192,1.210168480873108,-0.008290252648293972,1.1755250692367554,0.008155073039233685,1.176780343055725,-0.008555298671126366,1.2053805589675903
325,1678565016.3740122,1040000,0.008106216788291931,1.1868501901626587,-0.008290252648293972,1.1755250692367554,0.008155073039233685,1.176780343055725,-0.008555298671126366,1.2053805589675903
326,1678565018.671497,1043200,0.008106216788291931,1.1868501901626587,-0.008290252648293972,1.1755250692367554,0.008155073039233685,1.176780343055725,-0.0079891886562109,1.1629607677459717
327,1678565026.5248897,1046400,0.008106216788291931,1.1868501901626587,-0.008290252648293972,1.1755250692367554,0.007299985736608505,1.1879909038543701,-0.0079891886562109,1.1629607677459717
328,1678565030.0193703,1049600,0.008106216788291931,1.1868501901626587,-0.007377170491963625,1.2116787433624268,0.007299985736608505,1.1879909038543701,-0.0079891886562109,1.1629607677459717
329,1678565034.4687762,1052800,0.0074266172014176846,1.253187656402588,-0.007377170491963625,1.2116787433624268,0.007299985736608505,1.1879909038543701,-0.0079891886562109,1.1629607677459717
330,1678565037.6772077,1056000,0.0074266172014176846,1.253187656402588,-0.007377170491963625,1.2116787433624268,0.007299985736608505,1.1879909038543701,-0.0076036108657717705,1.2192697525024414
331,1678565044.1782944,1059200,0.0074266172014176846,1.253187656402588,-0.007377170491963625,1.2116787433624268,0.008254265412688255,1.225898027420044,-0.0076036108657717705,1.2192697525024414
332,1678565047.6442592,1062400,0.0074266172014176846,1.253187656402588,-0.008394341915845871,1.2203874588012695,0.008254265412688255,1.225898027420044,-0.0076036108657717705,1.2192697525024414
333,1678565051.7809863,1065600,0.008828961290419102,1.213321328163147,-0.008394341915845871,1.2203874588012695,0.008254265412688255,1.225898027420044,-0.0076036108657717705,1.2192697525024414
334,1678565056.2356384,1068800,0.008828961290419102,1.213321328163147,-0.008394341915845871,1.2203874588012695,0.008254265412688255,1.225898027420044,-0.008541136980056763,1.1850972175598145
335,1678565063.2719944,1072000,0.008828961290419102,1.213321328163147,-0.008394341915845871,1.2203874588012695,0.008731705136597157,1.2005661725997925,-0.008541136980056763,1.1850972175598145
336,1678565066.9172995,1075200,0.008828961290419102,1.213321328163147,-0.008652092888951302,1.2815654277801514,0.008731705136597157,1.2005661725997925,-0.008541136980056763,1.1850972175598145
337,1678565074.89586,1078400,0.00859948992729187,1.2766947746276855,-0.008652092888951302,1.2815654277801514,0.008731705136597157,1.2005661725997925,-0.008541136980056763,1.1850972175598145
338,1678565084.8028853,1081600,0.00859948992729187,1.2766947746276855,-0.008652092888951302,1.2815654277801514,0.008731705136597157,1.2005661725997925,-0.009069455787539482,1.2158615589141846
339,1678565091.9571593,1084800,0.00859948992729187,1.2766947746276855,-0.008652092888951302,1.2815654277801514,0.009779216721653938,1.1839030981063843,-0.009069455787539482,1.2158615589141846
340,1678565093.8734922,1088000,0.00859948992729187,1.2766947746276855,-0.009661789983510971,1.3788620233535767,0.009779216721653938,1.1839030981063843,-0.009069455787539482,1.2158615589141846
341,1678565098.0948226,1091200,0.009745343588292599,1.263152003288269,-0.009661789983510971,1.3788620233535767,0.009779216721653938,1.1839030981063843,-0.009069455787539482,1.2158615589141846
342,1678565102.7220588,1094400,0.009745343588292599,1.263152003288269,-0.009661789983510971,1.3788620233535767,0.009779216721653938,1.1839030981063843,-0.009747223928570747,1.1950364112854004
343,1678565111.06379,1097600,0.009745343588292599,1.263152003288269,-0.009661789983510971,1.3788620233535767,0.00964545737951994,1.2091422080993652,-0.009747223928570747,1.1950364112854004
344,1678565113.9635625,1100800,0.009745343588292599,1.263152003288269,-0.009450958110392094,1.361364483833313,0.00964545737951994,1.2091422080993652,-0.009747223928570747,1.1950364112854004
345,1678565116.3027482,1104000,0.009428438730537891,1.2484585046768188,-0.009450958110392094,1.361364483833313,0.00964545737951994,1.2091422080993652,-0.009747223928570747,1.1950364112854004
346,1678565122.5835967,1107200,0.009428438730537891,1.2484585046768188,-0.009450958110392094,1.361364483833313,0.00964545737951994,1.2091422080993652,-0.00963518675416708,1.2193129062652588
347,1678565130.320881,1110400,0.009428438730537891,1.2484585046768188,-0.009450958110392094,1.361364483833313,0.009416294284164906,1.1794835329055786,-0.00963518675416708,1.2193129062652588
348,1678565132.3358517,1113600,0.009428438730537891,1.2484585046768188,-0.009577861987054348,1.2337685823440552,0.009416294284164906,1.1794835329055786,-0.00963518675416708,1.2193129062652588
349,1678565135.468875,1116800,0.009647137485444546,1.1685023307800293,-0.009577861987054348,1.2337685823440552,0.009416294284164906,1.1794835329055786,-0.00963518675416708,1.2193129062652588
350,1678565141.0167985,1120000,0.009647137485444546,1.1685023307800293,-0.009577861987054348,1.2337685823440552,0.009416294284164906,1.1794835329055786,-0.009348448365926743,1.1568942070007324
351,1678565150.6194413,1123200,0.009647137485444546,1.1685023307800293,-0.009577861987054348,1.2337685823440552,0.009191534481942654,1.0855785608291626,-0.009348448365926743,1.1568942070007324
352,1678565153.948107,1126400,0.009647137485444546,1.1685023307800293,-0.008990077301859856,1.0911204814910889,0.009191534481942654,1.0855785608291626,-0.009348448365926743,1.1568942070007324
353,1678565155.5917401,1129600,0.009175642393529415,1.1237971782684326,-0.008990077301859856,1.0911204814910889,0.009191534481942654,1.0855785608291626,-0.009348448365926743,1.1568942070007324
354,1678565164.0691895,1132800,0.009175642393529415,1.1237971782684326,-0.008990077301859856,1.0911204814910889,0.009191534481942654,1.0855785608291626,-0.009126571007072926,1.15395987033844
355,1678565172.8673627,1136000,0.009175642393529415,1.1237971782684326,-0.008990077301859856,1.0911204814910889,0.009069019928574562,1.2025861740112305,-0.009126571007072926,1.15395987033844
356,1678565176.8329654,1139200,0.008873490616679192,1.2124545574188232,-0.008990077301859856,1.0911204814910889,0.009069019928574562,1.2025861740112305,-0.009126571007072926,1.15395987033844
357,1678565177.0631583,1142400,0.008873490616679192,1.2124545574188232,-0.009118889458477497,1.21152925491333,0.009069019928574562,1.2025861740112305,-0.009126571007072926,1.15395987033844
358,1678565185.7995982,1145600,0.008873490616679192,1.2124545574188232,-0.009118889458477497,1.21152925491333,0.009069019928574562,1.2025861740112305,-0.009388522244989872,1.1996824741363525
359,1678565194.5755904,1148800,0.008873490616679192,1.2124545574188232,-0.009118889458477497,1.21152925491333,0.009392634965479374,1.1838206052780151,-0.009388522244989872,1.1996824741363525
360,1678565197.306497,1152000,0.009049725718796253,1.1889691352844238,-0.009118889458477497,1.21152925491333,0.009392634965479374,1.1838206052780151,-0.009388522244989872,1.1996824741363525
361,1678565197.7144732,1155200,0.009049725718796253,1.1889691352844238,-0.00920782145112753,1.204575777053833,0.009392634965479374,1.1838206052780151,-0.009388522244989872,1.1996824741363525
362,1678565206.519763,1158400,0.009049725718796253,1.1889691352844238,-0.00920782145112753,1.204575777053833,0.009392634965479374,1.1838206052780151,-0.008602097630500793,1.2036404609680176
363,1678565212.849383,1161600,0.009049725718796253,1.1889691352844238,-0.00920782145112753,1.204575777053833,0.009138107299804688,1.19736647605896,-0.008602097630500793,1.2036404609680176
364,1678565215.5538013,1164800,0.008970734663307667,1.201188087463379,-0.00920782145112753,1.204575777053833,0.009138107299804688,1.19736647605896,-0.008602097630500793,1.2036404609680176
365,1678565216.2677784,1168000,0.008970734663307667,1.201188087463379,-0.009126542136073112,1.1570335626602173,0.009138107299804688,1.19736647605896,-0.008602097630500793,1.2036404609680176
366,1678565223.8717673,1171200,0.008970734663307667,1.201188087463379,-0.009126542136073112,1.1570335626602173,0.009138107299804688,1.19736647605896,-0.008696326054632664,1.1606639623641968
367,1678565231.3095021,1174400,0.008970734663307667,1.201188087463379,-0.009126542136073112,1.1570335626602173,0.008662670850753784,1.152683973312378,-0.008696326054632664,1.1606639623641968
368,1678565233.3713565,1177600,0.008391659706830978,1.171513319015503,-0.009126542136073112,1.1570335626602173,0.008662670850753784,1.152683973312378,-0.008696326054632664,1.1606639623641968
369,1678565234.851329,1180800,0.008391659706830978,1.171513319015503,-0.008586515672504902,1.1499730348587036,0.008662670850753784,1.152683973312378,-0.008696326054632664,1.1606639623641968
370,1678565242.218482,1184000,0.008391659706830978,1.171513319015503,-0.008586515672504902,1.1499730348587036,0.008662670850753784,1.152683973312378,-0.008510598912835121,1.1648503541946411
371,1678565247.7916188,1187200,0.008391659706830978,1.171513319015503,-0.008586515672504902,1.1499730348587036,0.008236394263803959,1.1423147916793823,-0.008510598912835121,1.1648503541946411
372,1678565249.2816894,1190400,0.008378103375434875,1.147706151008606,-0.008586515672504902,1.1499730348587036,0.008236394263803959,1.1423147916793823,-0.008510598912835121,1.1648503541946411
373,1678565250.9065757,1193600,0.008378103375434875,1.147706151008606,-0.008715272881090641,1.1520483493804932,0.008236394263803959,1.1423147916793823,-0.008510598912835121,1.1648503541946411
374,1678565257.428825,1196800,0.008378103375434875,1.147706151008606,-0.008715272881090641,1.1520483493804932,0.008236394263803959,1.1423147916793823,-0.008530301973223686,1.149552583694458
375,1678565265.2661667,1200000,0.008378103375434875,1.147706151008606,-0.008715272881090641,1.1520483493804932,0.008860426023602486,1.144362449645996,-0.008530301973223686,1.149552583694458
376,1678565265.2905676,1203200,0.00887366198003292,1.1513724327087402,-0.008715272881090641,1.1520483493804932,0.008860426023602486,1.144362449645996,-0.008530301973223686,1.149552583694458
377,1678565267.75454,1206400,0.00887366198003292,1.1513724327087402,-0.008913913741707802,1.1458213329315186,0.008860426023602486,1.144362449645996,-0.008530301973223686,1.149552583694458
378,1678565276.3552136,1209600,0.00887366198003292,1.1513724327087402,-0.008913913741707802,1.1458213329315186,0.008860426023602486,1.144362449645996,-0.009218226186931133,1.1457096338272095
379,1678565283.8751929,1212800,0.009602614678442478,1.1405867338180542,-0.008913913741707802,1.1458213329315186,0.008860426023602486,1.144362449645996,-0.009218226186931133,1.1457096338272095
380,1678565284.014946,1216000,0.009602614678442478,1.1405867338180542,-0.008913913741707802,1.1458213329315186,0.009506163187325,1.1319574117660522,-0.009218226186931133,1.1457096338272095
381,1678565288.2679622,1219200,0.009602614678442478,1.1405867338180542,-0.009633452631533146,1.1516071557998657,0.009506163187325,1.1319574117660522,-0.009218226186931133,1.1457096338272095
382,1678565301.412064,1222400,0.009602614678442478,1.1405867338180542,-0.009633452631533146,1.1516071557998657,0.009506163187325,1.1319574117660522,-0.009786714799702168,1.1278624534606934
383,1678565313.100547,1225600,0.009686083532869816,1.1143068075180054,-0.009633452631533146,1.1516071557998657,0.009506163187325,1.1319574117660522,-0.009786714799702168,1.1278624534606934
384,1678565315.7919118,1228800,0.009686083532869816,1.1143068075180054,-0.009633452631533146,1.1516071557998657,0.009694001637399197,1.110984444618225,-0.009786714799702168,1.1278624534606934
385,1678565318.1262507,1232000,0.009686083532869816,1.1143068075180054,-0.009498772211372852,1.1161105632781982,0.009694001637399197,1.110984444618225,-0.009786714799702168,1.1278624534606934
386,1678565326.1793735,1235200,0.009686083532869816,1.1143068075180054,-0.009498772211372852,1.1161105632781982,0.009694001637399197,1.110984444618225,-0.010431069880723953,1.177736759185791
387,1678565331.8129623,1238400,0.010763248428702354,1.2259809970855713,-0.009498772211372852,1.1161105632781982,0.009694001637399197,1.110984444618225,-0.010431069880723953,1.177736759185791
388,1678565333.296745,1241600,0.010763248428702354,1.2259809970855713,-0.009498772211372852,1.1161105632781982,0.010825548321008682,1.2419102191925049,-0.010431069880723953,1.177736759185791
389,1678565335.6456923,1244800,0.010763248428702354,1.2259809970855713,-0.011140580289065838,1.2315642833709717,0.010825548321008682,1.2419102191925049,-0.010431069880723953,1.177736759185791
390,1678565342.3392835,1248000,0.010763248428702354,1.2259809970855713,-0.011140580289065838,1.2315642833709717,0.010825548321008682,1.2419102191925049,-0.011064822785556316,1.192376971244812
391,1678565347.4092412,1251200,0.010943128727376461,1.1957423686981201,-0.011140580289065838,1.2315642833709717,0.010825548321008682,1.2419102191925049,-0.011064822785556316,1.192376971244812
392,1678565350.628843,1254400,0.010943128727376461,1.1957423686981201,-0.011140580289065838,1.2315642833709717,0.010803047567605972,1.1968319416046143,-0.011064822785556316,1.192376971244812
393,1678565355.2639859,1257600,0.010943128727376461,1.1957423686981201,-0.010940970852971077,1.1903618574142456,0.010803047567605972,1.1968319416046143,-0.011064822785556316,1.192376971244812
394,1678565365.0661001,1260800,0.010943128727376461,1.1957423686981201,-0.010940970852971077,1.1903618574142456,0.010803047567605972,1.1968319416046143,-0.011074546724557877,1.1753222942352295
395,1678565372.3694372,1264000,0.011204068548977375,1.1671583652496338,-0.010940970852971077,1.1903618574142456,0.010803047567605972,1.1968319416046143,-0.011074546724557877,1.1753222942352295
396,1678565376.526147,1267200,0.011204068548977375,1.1671583652496338,-0.010940970852971077,1.1903618574142456,0.011234740726649761,1.1547558307647705,-0.011074546724557877,1.1753222942352295
397,1678565380.8723888,1270400,0.011204068548977375,1.1671583652496338,-0.011194881983101368,1.159010648727417,0.011234740726649761,1.1547558307647705,-0.011074546724557877,1.1753222942352295
398,1678565391.902502,1273600,0.011204068548977375,1.1671583652496338,-0.011194881983101368,1.159010648727417,0.011234740726649761,1.1547558307647705,-0.01140824519097805,1.1513442993164062
399,1678565395.8895454,1276800,0.011168224737048149,1.1486176252365112,-0.011194881983101368,1.159010648727417,0.011234740726649761,1.1547558307647705,-0.01140824519097805,1.1513442993164062
400,1678565399.6987314,1280000,0.011168224737048149,1.1486176252365112,-0.011194881983101368,1.159010648727417,0.011958570219576359,1.1443973779678345,-0.01140824519097805,1.1513442993164062
401,1678565402.5122995,1283200,0.011168224737048149,1.1486176252365112,-0.011522595770657063,1.1523209810256958,0.011958570219576359,1.1443973779678345,-0.01140824519097805,1.1513442993164062
402,1678565410.1334753,1286400,0.011168224737048149,1.1486176252365112,-0.011522595770657063,1.1523209810256958,0.011958570219576359,1.1443973779678345,-0.011634759604930878,1.1318459510803223
403,1678565414.1942863,1289600,0.011714008636772633,1.1377813816070557,-0.011522595770657063,1.1523209810256958,0.011958570219576359,1.1443973779678345,-0.011634759604930878,1.1318459510803223
404,1678565418.0123956,1292800,0.011714008636772633,1.1377813816070557,-0.011522595770657063,1.1523209810256958,0.011888117529451847,1.1376311779022217,-0.011634759604930878,1.1318459510803223
405,1678565420.551952,1296000,0.011714008636772633,1.1377813816070557,-0.011721929535269737,1.1608448028564453,0.011888117529451847,1.1376311779022217,-0.011634759604930878,1.1318459510803223
406,1678565428.7093956,1299200,0.011714008636772633,1.1377813816070557,-0.011721929535269737,1.1608448028564453,0.011888117529451847,1.1376311779022217,-0.012333652935922146,1.176692247390747
407,1678565432.899764,1302400,0.012088341638445854,1.2069865465164185,-0.011721929535269737,1.1608448028564453,0.011888117529451847,1.1376311779022217,-0.012333652935922146,1.176692247390747
408,1678565438.1236353,1305600,0.012088341638445854,1.2069865465164185,-0.011721929535269737,1.1608448028564453,0.011538267135620117,1.20697820186615,-0.012333652935922146,1.176692247390747
409,1678565441.652816,1308800,0.012088341638445854,1.2069865465164185,-0.011738935485482216,1.197648286819458,0.011538267135620117,1.20697820186615,-0.012333652935922146,1.176692247390747
410,1678565452.8930416,1312000,0.012088341638445854,1.2069865465164185,-0.011738935485482216,1.197648286819458,0.011538267135620117,1.20697820186615,-0.011540309526026249,1.1860390901565552
411,1678565455.660686,1315200,0.011427262797951698,1.1816327571868896,-0.011738935485482216,1.197648286819458,0.011538267135620117,1.20697820186615,-0.011540309526026249,1.1860390901565552
412,1678565463.2849307,1318400,0.011427262797951698,1.1816327571868896,-0.011738935485482216,1.197648286819458,0.01162426546216011,1.1417396068572998,-0.011540309526026249,1.1860390901565552
413,1678565466.9682753,1321600,0.011427262797951698,1.1816327571868896,-0.011700448580086231,1.148891806602478,0.01162426546216011,1.1417396068572998,-0.011540309526026249,1.1860390901565552
414,1678565476.3989134,1324800,0.011427262797951698,1.1816327571868896,-0.011700448580086231,1.148891806602478,0.01162426546216011,1.1417396068572998,-0.011918420903384686,1.1791126728057861
415,1678565477.8026059,1328000,0.01184878684580326,1.1689906120300293,-0.011700448580086231,1.148891806602478,0.01162426546216011,1.1417396068572998,-0.011918420903384686,1.1791126728057861
416,1678565493.709665,1331200,0.01184878684580326,1.1689906120300293,-0.011700448580086231,1.148891806602478,0.011880341917276382,1.192033052444458,-0.011918420903384686,1.1791126728057861
417,1678565496.6939147,1334400,0.01184878684580326,1.1689906120300293,-0.011784597299993038,1.1969720125198364,0.011880341917276382,1.192033052444458,-0.011918420903384686,1.1791126728057861
418,1678565504.6508834,1337600,0.01184878684580326,1.1689906120300293,-0.011784597299993038,1.1969720125198364,0.011880341917276382,1.192033052444458,-0.012086411938071251,1.2240508794784546
419,1678565506.8595867,1340800,0.011149895377457142,1.2341737747192383,-0.011784597299993038,1.1969720125198364,0.011880341917276382,1.192033052444458,-0.012086411938071251,1.2240508794784546
420,1678565515.5130742,1344000,0.011149895377457142,1.2341737747192383,-0.011784597299993038,1.1969720125198364,0.01194815430790186,1.185930609703064,-0.012086411938071251,1.2240508794784546
421,1678565517.3599102,1347200,0.011149895377457142,1.2341737747192383,-0.011278683319687843,1.1887773275375366,0.01194815430790186,1.185930609703064,-0.012086411938071251,1.2240508794784546
422,1678565527.061765,1350400,0.011149895377457142,1.2341737747192383,-0.011278683319687843,1.1887773275375366,0.01194815430790186,1.185930609703064,-0.010972147807478905,1.1737555265426636
423,1678565528.4064937,1353600,0.011452976614236832,1.1817340850830078,-0.011278683319687843,1.1887773275375366,0.01194815430790186,1.185930609703064,-0.010972147807478905,1.1737555265426636
424,1678565537.1582108,1356800,0.011452976614236832,1.1817340850830078,-0.011278683319687843,1.1887773275375366,0.010598571039736271,1.1893749237060547,-0.010972147807478905,1.1737555265426636
425,1678565539.2100759,1360000,0.011452976614236832,1.1817340850830078,-0.010939065366983414,1.1879957914352417,0.010598571039736271,1.1893749237060547,-0.010972147807478905,1.1737555265426636
426,1678565550.6316028,1363200,0.01095118373632431,1.1752099990844727,-0.010939065366983414,1.1879957914352417,0.010598571039736271,1.1893749237060547,-0.010972147807478905,1.1737555265426636
427,1678565550.753355,1366400,0.01095118373632431,1.1752099990844727,-0.010939065366983414,1.1879957914352417,0.010598571039736271,1.1893749237060547,-0.010789204388856888,1.1712315082550049
428,1678565559.4936664,1369600,0.01095118373632431,1.1752099990844727,-0.010939065366983414,1.1879957914352417,0.010653750039637089,1.1499122381210327,-0.010789204388856888,1.1712315082550049
429,1678565562.7561507,1372800,0.01095118373632431,1.1752099990844727,-0.010714540258049965,1.1619141101837158,0.010653750039637089,1.1499122381210327,-0.010789204388856888,1.1712315082550049
430,1678565571.5305846,1376000,0.010155337862670422,1.1874064207077026,-0.010714540258049965,1.1619141101837158,0.010653750039637089,1.1499122381210327,-0.010789204388856888,1.1712315082550049
431,1678565572.2020557,1379200,0.010155337862670422,1.1874064207077026,-0.010714540258049965,1.1619141101837158,0.010653750039637089,1.1499122381210327,-0.010991635732352734,1.181097149848938
432,1678565583.1415317,1382400,0.010155337862670422,1.1874064207077026,-0.010714540258049965,1.1619141101837158,0.011398137547075748,1.1978813409805298,-0.010991635732352734,1.181097149848938
433,1678565585.481045,1385600,0.010155337862670422,1.1874064207077026,-0.010593850165605545,1.1781549453735352,0.011398137547075748,1.1978813409805298,-0.010991635732352734,1.181097149848938
434,1678565592.6399152,1388800,0.011073820292949677,1.1383479833602905,-0.010593850165605545,1.1781549453735352,0.011398137547075748,1.1978813409805298,-0.010991635732352734,1.181097149848938
435,1678565595.5262594,1392000,0.011073820292949677,1.1383479833602905,-0.010593850165605545,1.1781549453735352,0.011398137547075748,1.1978813409805298,-0.011203153058886528,1.1258766651153564
436,1678565607.6783776,1395200,0.011073820292949677,1.1383479833602905,-0.010593850165605545,1.1781549453735352,0.010640290565788746,1.1555562019348145,-0.011203153058886528,1.1258766651153564
437,1678565610.0449584,1398400,0.011073820292949677,1.1383479833602905,-0.010589716024696827,1.1515393257141113,0.010640290565788746,1.1555562019348145,-0.011203153058886528,1.1258766651153564
438,1678565617.165095,1401600,0.010532245971262455,1.1806446313858032,-0.010589716024696827,1.1515393257141113,0.010640290565788746,1.1555562019348145,-0.011203153058886528,1.1258766651153564
439,1678565619.5558097,1404800,0.010532245971262455,1.1806446313858032,-0.010589716024696827,1.1515393257141113,0.010640290565788746,1.1555562019348145,-0.010677213780581951,1.1811038255691528
440,1678565627.3768525,1408000,0.010532245971262455,1.1806446313858032,-0.010589716024696827,1.1515393257141113,0.010554024018347263,1.1204702854156494,-0.010677213780581951,1.1811038255691528
441,1678565629.8207467,1411200,0.010532245971262455,1.1806446313858032,-0.01100811269134283,1.1114939451217651,0.010554024018347263,1.1204702854156494,-0.010677213780581951,1.1811038255691528
442,1678565634.4168274,1414400,0.0115691302344203,1.1586530208587646,-0.01100811269134283,1.1114939451217651,0.010554024018347263,1.1204702854156494,-0.010677213780581951,1.1811038255691528
443,1678565637.8568194,1417600,0.0115691302344203,1.1586530208587646,-0.01100811269134283,1.1114939451217651,0.010554024018347263,1.1204702854156494,-0.010613510385155678,1.1714266538619995
444,1678565644.655023,1420800,0.0115691302344203,1.1586530208587646,-0.01100811269134283,1.1114939451217651,0.010865293443202972,1.1688209772109985,-0.010613510385155678,1.1714266538619995
445,1678565647.4906044,1424000,0.0115691302344203,1.1586530208587646,-0.011405408382415771,1.1578024625778198,0.010865293443202972,1.1688209772109985,-0.010613510385155678,1.1714266538619995
446,1678565651.2514353,1427200,0.011773164384067059,1.2088022232055664,-0.011405408382415771,1.1578024625778198,0.010865293443202972,1.1688209772109985,-0.010613510385155678,1.1714266538619995
447,1678565655.1522424,1430400,0.011773164384067059,1.2088022232055664,-0.011405408382415771,1.1578024625778198,0.010865293443202972,1.1688209772109985,-0.011923057958483696,1.2078328132629395
448,1678565663.110391,1433600,0.011773164384067059,1.2088022232055664,-0.011405408382415771,1.1578024625778198,0.012665409594774246,1.1607816219329834,-0.011923057958483696,1.2078328132629395
449,1678565665.057876,1436800,0.011773164384067059,1.2088022232055664,-0.012158882804214954,1.1792033910751343,0.012665409594774246,1.1607816219329834,-0.011923057958483696,1.2078328132629395
450,1678565668.372188,1440000,0.012511675246059895,1.1563557386398315,-0.012158882804214954,1.1792033910751343,0.012665409594774246,1.1607816219329834,-0.011923057958483696,1.2078328132629395
451,1678565672.8229172,1443200,0.012511675246059895,1.1563557386398315,-0.012158882804214954,1.1792033910751343,0.012665409594774246,1.1607816219329834,-0.012929564341902733,1.155552625656128
452,1678565681.3314102,1446400,0.012511675246059895,1.1563557386398315,-0.012158882804214954,1.1792033910751343,0.01318794209510088,1.182197093963623,-0.012929564341902733,1.155552625656128
453,1678565683.6872907,1449600,0.012511675246059895,1.1563557386398315,-0.012547454796731472,1.1609892845153809,0.01318794209510088,1.182197093963623,-0.012929564341902733,1.155552625656128
454,1678565686.10313,1452800,0.012995146214962006,1.185349702835083,-0.012547454796731472,1.1609892845153809,0.01318794209510088,1.182197093963623,-0.012929564341902733,1.155552625656128
455,1678565692.0417795,1456000,0.012995146214962006,1.185349702835083,-0.012547454796731472,1.1609892845153809,0.01318794209510088,1.182197093963623,-0.01184872630983591,1.1666209697723389
456,1678565701.8941522,1459200,0.012995146214962006,1.185349702835083,-0.012547454796731472,1.1609892845153809,0.011846420355141163,1.1465530395507812,-0.01184872630983591,1.1666209697723389
457,1678565705.696649,1462400,0.012995146214962006,1.185349702835083,-0.012875903397798538,1.142484188079834,0.011846420355141163,1.1465530395507812,-0.01184872630983591,1.1666209697723389
458,1678565708.598306,1465600,0.012370076030492783,1.159665584564209,-0.012875903397798538,1.142484188079834,0.011846420355141163,1.1465530395507812,-0.01184872630983591,1.1666209697723389
459,1678565717.8125386,1468800,0.012370076030492783,1.159665584564209,-0.012875903397798538,1.142484188079834,0.011846420355141163,1.1465530395507812,-0.013213775120675564,1.2134346961975098
460,1678565727.5295832,1472000,0.012370076030492783,1.159665584564209,-0.012875903397798538,1.142484188079834,0.013533101417124271,1.2064288854599,-0.013213775120675564,1.2134346961975098
461,1678565729.9927783,1475200,0.012370076030492783,1.159665584564209,-0.012893116101622581,1.1946686506271362,0.013533101417124271,1.2064288854599,-0.013213775120675564,1.2134346961975098
462,1678565731.507026,1478400,0.012593562714755535,1.2006157636642456,-0.012893116101622581,1.1946686506271362,0.013533101417124271,1.2064288854599,-0.013213775120675564,1.2134346961975098
463,1678565738.740362,1481600,0.012593562714755535,1.2006157636642456,-0.012893116101622581,1.1946686506271362,0.013533101417124271,1.2064288854599,-0.013006105087697506,1.2132560014724731
464,1678565747.4538662,1484800,0.012593562714755535,1.2006157636642456,-0.012893116101622581,1.1946686506271362,0.01317014079540968,1.2520172595977783,-0.013006105087697506,1.2132560014724731
465,1678565749.073391,1488000,0.012593562714755535,1.2006157636642456,-0.012861676514148712,1.1674531698226929,0.01317014079540968,1.2520172595977783,-0.013006105087697506,1.2132560014724731
466,1678565750.5868676,1491200,0.014211202040314674,1.2059425115585327,-0.012861676514148712,1.1674531698226929,0.01317014079540968,1.2520172595977783,-0.013006105087697506,1.2132560014724731
467,1678565757.3917432,1494400,0.014211202040314674,1.2059425115585327,-0.012861676514148712,1.1674531698226929,0.01317014079540968,1.2520172595977783,-0.01257995329797268,1.2021827697753906
